name,startTime,endTime,type,track,color
Blocking Track,0.003,0.003,Blocking,Scheduler,primary-light
Transition Track,0.003,0.003,Transition,Scheduler,primary-light
Suspense Track,0.003,0.003,Suspense,Scheduler,primary-light
Idle Track,0.003,0.003,Idle,Scheduler,primary-light
Hydrated,555,565.4000000059605,Blocking,Scheduler,tertiary-dark
Commit,565.4000000059605,566.5,Blocking,Scheduler,secondary-dark
,566.5,567.1999999880791,Blocking,Scheduler,secondary-light
Remaining Effects,567.1999999880791,578.8000000119209,Blocking,Scheduler,secondary-dark
Blocking Track,0.003,0.003,Blocking,Scheduler,primary-light
Transition Track,0.003,0.003,Transition,Scheduler,primary-light
Suspense Track,0.003,0.003,Suspense,Scheduler,primary-light
Idle Track,0.003,0.003,Idle,Scheduler,primary-light
Cascading Update,578.8000000119209,579.0999999940395,Blocking,Scheduler,error
Render,579.0999999940395,579.8000000119209,Blocking,Scheduler,primary-dark
Commit,579.8000000119209,580,Blocking,Scheduler,secondary-dark
,580,580.0999999940395,Blocking,Scheduler,secondary-light
Remaining Effects,580.0999999940395,581.5,Blocking,Scheduler,secondary-dark
Blocking Track,0.003,0.003,Blocking,Scheduler,primary-light
Transition Track,0.003,0.003,Transition,Scheduler,primary-light
Suspense Track,0.003,0.003,Suspense,Scheduler,primary-light
Idle Track,0.003,0.003,Idle,Scheduler,primary-light
Cascading Update,581.5,582.8000000119209,Blocking,Scheduler,error
Render,582.8000000119209,583.5,Blocking,Scheduler,primary-dark
Commit,583.5,583.5999999940395,Blocking,Scheduler,secondary-dark
Waiting for Paint,583.5999999940395,583.6999999880791,Blocking,Scheduler,secondary-light
Remaining Effects,583.6999999880791,585.0999999940395,Blocking,Scheduler,secondary-dark
Blocking Track,0.003,0.003,Blocking,Scheduler,primary-light
Transition Track,0.003,0.003,Transition,Scheduler,primary-light
Suspense Track,0.003,0.003,Suspense,Scheduler,primary-light
Idle Track,0.003,0.003,Idle,Scheduler,primary-light
Prepared,585.3000000119209,622.5,Idle,Scheduler,tertiary-dark
Commit,622.5,622.8000000119209,Idle,Scheduler,secondary-dark
Waiting for Paint,622.8000000119209,624.6999999880791,Idle,Scheduler,secondary-light
Remaining Effects,624.6999999880791,655.5999999940395,Idle,Scheduler,secondary-dark
Blocking Track,0.003,0.003,Blocking,Scheduler,primary-light
Transition Track,0.003,0.003,Transition,Scheduler,primary-light
Suspense Track,0.003,0.003,Suspense,Scheduler,primary-light
Idle Track,0.003,0.003,Idle,Scheduler,primary-light
Commit,662.3000000119209,662.5,Blocking,Scheduler,secondary-dark
Waiting for Paint,662.5,664.6999999880791,Blocking,Scheduler,secondary-light
Remaining Effects,664.6999999880791,665.0999999940395,Blocking,Scheduler,secondary-dark
Blocking Track,0.003,0.003,Blocking,Scheduler,primary-light
Transition Track,0.003,0.003,Transition,Scheduler,primary-light
Suspense Track,0.003,0.003,Suspense,Scheduler,primary-light
Idle Track,0.003,0.003,Idle,Scheduler,primary-light
Update,665.0999999940395,665.6999999880791,Blocking,Scheduler,primary-light
Render,665.6999999880791,666.3000000119209,Blocking,Scheduler,primary-dark
Commit,666.3000000119209,666.5999999940395,Blocking,Scheduler,secondary-dark
,666.5999999940395,666.6999999880791,Blocking,Scheduler,secondary-light
Remaining Effects,666.6999999880791,667.6999999880791,Blocking,Scheduler,secondary-dark
Blocking Track,0.003,0.003,Blocking,Scheduler,primary-light
Transition Track,0.003,0.003,Transition,Scheduler,primary-light
Suspense Track,0.003,0.003,Suspense,Scheduler,primary-light
Idle Track,0.003,0.003,Idle,Scheduler,primary-light
Cascading Update,667.6999999880791,668.0999999940395,Blocking,Scheduler,error
Render,668.0999999940395,668.6999999880791,Blocking,Scheduler,primary-dark
Commit,668.6999999880791,669.1999999880791,Blocking,Scheduler,secondary-dark
,669.1999999880791,669.3000000119209,Blocking,Scheduler,secondary-light
Remaining Effects,669.3000000119209,670.5,Blocking,Scheduler,secondary-dark
Blocking Track,0.003,0.003,Blocking,Scheduler,primary-light
Transition Track,0.003,0.003,Transition,Scheduler,primary-light
Suspense Track,0.003,0.003,Suspense,Scheduler,primary-light
Idle Track,0.003,0.003,Idle,Scheduler,primary-light
Update,670.5999999940395,671.0999999940395,Blocking,Scheduler,primary-light
Render,671.0999999940395,674.8000000119209,Blocking,Scheduler,primary-dark
Commit,674.8000000119209,675,Blocking,Scheduler,secondary-dark
,675,675.0999999940395,Blocking,Scheduler,secondary-light
Remaining Effects,675.0999999940395,679.9000000059605,Blocking,Scheduler,secondary-dark
Blocking Track,0.003,0.003,Blocking,Scheduler,primary-light
Transition Track,0.003,0.003,Transition,Scheduler,primary-light
Suspense Track,0.003,0.003,Suspense,Scheduler,primary-light
Idle Track,0.003,0.003,Idle,Scheduler,primary-light
Cascading Update,679.9000000059605,680.0999999940395,Blocking,Scheduler,error
Render,680.0999999940395,681.0999999940395,Blocking,Scheduler,primary-dark
Commit,681.0999999940395,681.3000000119209,Blocking,Scheduler,secondary-dark
,681.3000000119209,681.4000000059605,Blocking,Scheduler,secondary-light
Remaining Effects,681.4000000059605,685.8000000119209,Blocking,Scheduler,secondary-dark
Blocking Track,0.003,0.003,Blocking,Scheduler,primary-light
Transition Track,0.003,0.003,Transition,Scheduler,primary-light
Suspense Track,0.003,0.003,Suspense,Scheduler,primary-light
Idle Track,0.003,0.003,Idle,Scheduler,primary-light
Render,687.3000000119209,707.3000000119209,Suspense,Scheduler,primary-dark
Commit,707.3000000119209,707.9000000059605,Suspense,Scheduler,secondary-dark
Waiting for Paint,707.9000000059605,708.3000000119209,Suspense,Scheduler,secondary-light
Remaining Effects,708.3000000119209,711.0999999940395,Suspense,Scheduler,secondary-dark
Blocking Track,0.003,0.003,Blocking,Scheduler,primary-light
Transition Track,0.003,0.003,Transition,Scheduler,primary-light
Suspense Track,0.003,0.003,Suspense,Scheduler,primary-light
Idle Track,0.003,0.003,Idle,Scheduler,primary-light
Blocking Track,0.003,0.003,Blocking,Scheduler,primary-light
Transition Track,0.003,0.003,Transition,Scheduler,primary-light
Suspense Track,0.003,0.003,Suspense,Scheduler,primary-light
Idle Track,0.003,0.003,Idle,Scheduler,primary-light
Render,913.5999999940395,915.5,Suspense,Scheduler,primary-dark
Throttled,915.5,1008.6999999880791,Suspense,Scheduler,secondary-light
Commit,1008.6999999880791,1009.3000000119209,Suspense,Scheduler,secondary-dark
Waiting for Paint,1009.3000000119209,1009.6999999880791,Suspense,Scheduler,secondary-light
Remaining Effects,1009.6999999880791,1013.4000000059605,Suspense,Scheduler,secondary-dark
Blocking Track,0.003,0.003,Blocking,Scheduler,primary-light
Transition Track,0.003,0.003,Transition,Scheduler,primary-light
Suspense Track,0.003,0.003,Suspense,Scheduler,primary-light
Idle Track,0.003,0.003,Idle,Scheduler,primary-light
Render,1016,1016.3000000119209,Suspense,Scheduler,primary-dark
Throttled,1016.3000000119209,1310.5,Suspense,Scheduler,secondary-light
Commit,1310.5,1310.5999999940395,Suspense,Scheduler,secondary-dark
Waiting for Paint,1310.5999999940395,1310.9000000059605,Suspense,Scheduler,secondary-light
Remaining Effects,1310.9000000059605,1311,Suspense,Scheduler,secondary-dark
Blocking Track,0.003,0.003,Blocking,Scheduler,primary-light
Transition Track,0.003,0.003,Transition,Scheduler,primary-light
Suspense Track,0.003,0.003,Suspense,Scheduler,primary-light
Idle Track,0.003,0.003,Idle,Scheduler,primary-light
Render,1916.800000011921,1938.9000000059605,Suspense,Scheduler,primary-dark
Commit,1938.9000000059605,1940.800000011921,Suspense,Scheduler,secondary-dark
Waiting for Paint,1940.800000011921,1942.0999999940395,Suspense,Scheduler,secondary-light
Remaining Effects,1942.0999999940395,1994.4000000059605,Suspense,Scheduler,secondary-dark
Blocking Track,0.003,0.003,Blocking,Scheduler,primary-light
Transition Track,0.003,0.003,Transition,Scheduler,primary-light
Suspense Track,0.003,0.003,Suspense,Scheduler,primary-light
Idle Track,0.003,0.003,Idle,Scheduler,primary-light
Update Blocked,913.3000000119209,12183.90000000596,Blocking,Scheduler,primary-light
Render,12183.90000000596,12184.199999988079,Blocking,Scheduler,primary-dark
Commit,12184.199999988079,12184.40000000596,Blocking,Scheduler,secondary-dark
,12184.40000000596,12184.5,Blocking,Scheduler,secondary-light
Remaining Effects,12184.5,12184.699999988079,Blocking,Scheduler,secondary-dark
Blocking Track,0.003,0.003,Blocking,Scheduler,primary-light
Transition Track,0.003,0.003,Transition,Scheduler,primary-light
Suspense Track,0.003,0.003,Suspense,Scheduler,primary-light
Idle Track,0.003,0.003,Idle,Scheduler,primary-light
Update,13155.800000011921,13156.300000011921,Blocking,Scheduler,primary-light
Render,13156.300000011921,13157.800000011921,Blocking,Scheduler,primary-dark
Commit,13157.800000011921,13158.90000000596,Blocking,Scheduler,secondary-dark
,13158.90000000596,13159.199999988079,Blocking,Scheduler,secondary-light
Remaining Effects,13159.199999988079,13161.59999999404,Blocking,Scheduler,secondary-dark
Blocking Track,0.003,0.003,Blocking,Scheduler,primary-light
Transition Track,0.003,0.003,Transition,Scheduler,primary-light
Suspense Track,0.003,0.003,Suspense,Scheduler,primary-light
Idle Track,0.003,0.003,Idle,Scheduler,primary-light
Cascading Update,13161.59999999404,13162,Blocking,Scheduler,error
Render,13162,13162.09999999404,Blocking,Scheduler,primary-dark
Commit,13162.09999999404,13162.199999988079,Blocking,Scheduler,secondary-dark
Blocking Track,0.003,0.003,Blocking,Scheduler,primary-light
Transition Track,0.003,0.003,Transition,Scheduler,primary-light
Suspense Track,0.003,0.003,Suspense,Scheduler,primary-light
Idle Track,0.003,0.003,Idle,Scheduler,primary-light
Event: click,14595.90000000596,14599.5,Transition,Scheduler,warning
Update,14599.5,14602.09999999404,Transition,Scheduler,primary-light
Prewarm,14602.09999999404,14605.09999999404,Transition,Scheduler,primary-dark
Blocking Track,0.003,0.003,Blocking,Scheduler,primary-light
Transition Track,0.003,0.003,Transition,Scheduler,primary-light
Suspense Track,0.003,0.003,Suspense,Scheduler,primary-light
Idle Track,0.003,0.003,Idle,Scheduler,primary-light
Suspended,14605.09999999404,14698.09999999404,Transition,Scheduler,primary-dark
,14698.09999999404,14698.09999999404,Transition,Scheduler,secondary-light
Update,14698.09999999404,14698.59999999404,Transition,Scheduler,primary-light
Render,14698.59999999404,14707.800000011921,Transition,Scheduler,primary-dark
Commit,14707.800000011921,14712.300000011921,Transition,Scheduler,secondary-dark
,14712.300000011921,14712.59999999404,Transition,Scheduler,secondary-light
Remaining Effects,14712.59999999404,14740.09999999404,Transition,Scheduler,secondary-dark
Blocking Track,0.003,0.003,Blocking,Scheduler,primary-light
Transition Track,0.003,0.003,Transition,Scheduler,primary-light
Suspense Track,0.003,0.003,Suspense,Scheduler,primary-light
Idle Track,0.003,0.003,Idle,Scheduler,primary-light
Event: focusin,14710.800000011921,14711.5,Blocking,Scheduler,warning
Cascading Update,14711.5,14740.699999988079,Blocking,Scheduler,error
Render,14740.699999988079,14745.09999999404,Blocking,Scheduler,primary-dark
Commit,14745.09999999404,14745.59999999404,Blocking,Scheduler,secondary-dark
,14745.59999999404,14745.59999999404,Blocking,Scheduler,secondary-light
Remaining Effects,14745.59999999404,14747.800000011921,Blocking,Scheduler,secondary-dark
Blocking Track,0.003,0.003,Blocking,Scheduler,primary-light
Transition Track,0.003,0.003,Transition,Scheduler,primary-light
Suspense Track,0.003,0.003,Suspense,Scheduler,primary-light
Idle Track,0.003,0.003,Idle,Scheduler,primary-light
Update,14748.40000000596,14753.09999999404,Blocking,Scheduler,primary-light
Render,14753.09999999404,14755.300000011921,Blocking,Scheduler,primary-dark
Commit,14755.300000011921,14755.59999999404,Blocking,Scheduler,secondary-dark
Waiting for Paint,14755.59999999404,14755.800000011921,Blocking,Scheduler,secondary-light
Remaining Effects,14755.800000011921,14757.300000011921,Blocking,Scheduler,secondary-dark
Blocking Track,0.003,0.003,Blocking,Scheduler,primary-light
Transition Track,0.003,0.003,Transition,Scheduler,primary-light
Suspense Track,0.003,0.003,Suspense,Scheduler,primary-light
Idle Track,0.003,0.003,Idle,Scheduler,primary-light
Event: input,15478.199999988079,15478.90000000596,Blocking,Scheduler,warning
Update,15478.90000000596,15480.800000011921,Blocking,Scheduler,primary-light
Render,15480.800000011921,15484.5,Blocking,Scheduler,primary-dark
Commit,15484.5,15485,Blocking,Scheduler,secondary-dark
,15485,15485.09999999404,Blocking,Scheduler,secondary-light
Remaining Effects,15485.09999999404,15488.09999999404,Blocking,Scheduler,secondary-dark
Blocking Track,0.003,0.003,Blocking,Scheduler,primary-light
Transition Track,0.003,0.003,Transition,Scheduler,primary-light
Suspense Track,0.003,0.003,Suspense,Scheduler,primary-light
Idle Track,0.003,0.003,Idle,Scheduler,primary-light
Event: load,15601.800000011921,15602.800000011921,Blocking,Scheduler,warning
Update,15602.800000011921,15604.40000000596,Blocking,Scheduler,primary-light
Render,15604.40000000596,15626.59999999404,Blocking,Scheduler,primary-dark
Commit,15626.59999999404,15627.300000011921,Blocking,Scheduler,secondary-dark
Waiting for Paint,15627.300000011921,15634,Blocking,Scheduler,secondary-light
Remaining Effects,15634,15681.59999999404,Blocking,Scheduler,secondary-dark
Blocking Track,0.003,0.003,Blocking,Scheduler,primary-light
Transition Track,0.003,0.003,Transition,Scheduler,primary-light
Suspense Track,0.003,0.003,Suspense,Scheduler,primary-light
Idle Track,0.003,0.003,Idle,Scheduler,primary-light
Update,15682.199999988079,15682.40000000596,Blocking,Scheduler,primary-light
Render,15682.40000000596,15683.40000000596,Blocking,Scheduler,primary-dark
Commit,15683.40000000596,15683.59999999404,Blocking,Scheduler,secondary-dark
Waiting for Paint,15683.59999999404,15683.699999988079,Blocking,Scheduler,secondary-light
Remaining Effects,15683.699999988079,15686.09999999404,Blocking,Scheduler,secondary-dark
Blocking Track,0.003,0.003,Blocking,Scheduler,primary-light
Transition Track,0.003,0.003,Transition,Scheduler,primary-light
Suspense Track,0.003,0.003,Suspense,Scheduler,primary-light
Idle Track,0.003,0.003,Idle,Scheduler,primary-light
Event: input,15791.5,15791.699999988079,Blocking,Scheduler,warning
Update,15791.699999988079,15792.40000000596,Blocking,Scheduler,primary-light
Render,15792.40000000596,15795.59999999404,Blocking,Scheduler,primary-dark
Commit,15795.59999999404,15795.90000000596,Blocking,Scheduler,secondary-dark
,15795.90000000596,15796,Blocking,Scheduler,secondary-light
Remaining Effects,15796,15797.59999999404,Blocking,Scheduler,secondary-dark
Blocking Track,0.003,0.003,Blocking,Scheduler,primary-light
Transition Track,0.003,0.003,Transition,Scheduler,primary-light
Suspense Track,0.003,0.003,Suspense,Scheduler,primary-light
Idle Track,0.003,0.003,Idle,Scheduler,primary-light
Event: load,15838,15838.40000000596,Blocking,Scheduler,warning
Update,15838.40000000596,15839,Blocking,Scheduler,primary-light
Render,15839,15851.300000011921,Blocking,Scheduler,primary-dark
Commit,15851.300000011921,15852.40000000596,Blocking,Scheduler,secondary-dark
Waiting for Paint,15852.40000000596,15854.699999988079,Blocking,Scheduler,secondary-light
Remaining Effects,15854.699999988079,15884.09999999404,Blocking,Scheduler,secondary-dark
Blocking Track,0.003,0.003,Blocking,Scheduler,primary-light
Transition Track,0.003,0.003,Transition,Scheduler,primary-light
Suspense Track,0.003,0.003,Suspense,Scheduler,primary-light
Idle Track,0.003,0.003,Idle,Scheduler,primary-light
Update,15884.40000000596,15884.699999988079,Blocking,Scheduler,primary-light
Render,15884.699999988079,15885.300000011921,Blocking,Scheduler,primary-dark
Commit,15885.300000011921,15885.5,Blocking,Scheduler,secondary-dark
Waiting for Paint,15885.5,15885.5,Blocking,Scheduler,secondary-light
Remaining Effects,15885.5,15887.09999999404,Blocking,Scheduler,secondary-dark
Blocking Track,0.003,0.003,Blocking,Scheduler,primary-light
Transition Track,0.003,0.003,Transition,Scheduler,primary-light
Suspense Track,0.003,0.003,Suspense,Scheduler,primary-light
Idle Track,0.003,0.003,Idle,Scheduler,primary-light
Event: input,15938.800000011921,15939,Blocking,Scheduler,warning
Update,15939,15939.5,Blocking,Scheduler,primary-light
Render,15939.5,15942.699999988079,Blocking,Scheduler,primary-dark
Commit,15942.699999988079,15943.09999999404,Blocking,Scheduler,secondary-dark
,15943.09999999404,15943.199999988079,Blocking,Scheduler,secondary-light
Remaining Effects,15943.199999988079,15944.800000011921,Blocking,Scheduler,secondary-dark
Blocking Track,0.003,0.003,Blocking,Scheduler,primary-light
Transition Track,0.003,0.003,Transition,Scheduler,primary-light
Suspense Track,0.003,0.003,Suspense,Scheduler,primary-light
Idle Track,0.003,0.003,Idle,Scheduler,primary-light
Update,15948.90000000596,15949.199999988079,Blocking,Scheduler,primary-light
Render,15949.199999988079,15949.59999999404,Blocking,Scheduler,primary-dark
Commit,15949.59999999404,15949.59999999404,Blocking,Scheduler,secondary-dark
Waiting for Paint,15949.59999999404,15949.699999988079,Blocking,Scheduler,secondary-light
Remaining Effects,15949.699999988079,15950.09999999404,Blocking,Scheduler,secondary-dark
Blocking Track,0.003,0.003,Blocking,Scheduler,primary-light
Transition Track,0.003,0.003,Transition,Scheduler,primary-light
Suspense Track,0.003,0.003,Suspense,Scheduler,primary-light
Idle Track,0.003,0.003,Idle,Scheduler,primary-light
Event: input,16003.800000011921,16004.09999999404,Blocking,Scheduler,warning
Update,16004.09999999404,16004.800000011921,Blocking,Scheduler,primary-light
Render,16004.800000011921,16007.90000000596,Blocking,Scheduler,primary-dark
Commit,16007.90000000596,16008.300000011921,Blocking,Scheduler,secondary-dark
,16008.300000011921,16008.40000000596,Blocking,Scheduler,secondary-light
Remaining Effects,16008.40000000596,16010,Blocking,Scheduler,secondary-dark
Blocking Track,0.003,0.003,Blocking,Scheduler,primary-light
Transition Track,0.003,0.003,Transition,Scheduler,primary-light
Suspense Track,0.003,0.003,Suspense,Scheduler,primary-light
Idle Track,0.003,0.003,Idle,Scheduler,primary-light
Event: load,16030,16030.699999988079,Blocking,Scheduler,warning
Update,16030.699999988079,16031.59999999404,Blocking,Scheduler,primary-light
Render,16031.59999999404,16046.59999999404,Blocking,Scheduler,primary-dark
Commit,16046.59999999404,16047.300000011921,Blocking,Scheduler,secondary-dark
Waiting for Paint,16047.300000011921,16050.300000011921,Blocking,Scheduler,secondary-light
Remaining Effects,16050.300000011921,16091.09999999404,Blocking,Scheduler,secondary-dark
Blocking Track,0.003,0.003,Blocking,Scheduler,primary-light
Transition Track,0.003,0.003,Transition,Scheduler,primary-light
Suspense Track,0.003,0.003,Suspense,Scheduler,primary-light
Idle Track,0.003,0.003,Idle,Scheduler,primary-light
Event: load,16091.800000011921,16092.40000000596,Blocking,Scheduler,warning
Update,16092.40000000596,16093,Blocking,Scheduler,primary-light
Render,16093,16103,Blocking,Scheduler,primary-dark
Commit,16103,16103.800000011921,Blocking,Scheduler,secondary-dark
Waiting for Paint,16103.800000011921,16105.199999988079,Blocking,Scheduler,secondary-light
Remaining Effects,16105.199999988079,16119,Blocking,Scheduler,secondary-dark
Blocking Track,0.003,0.003,Blocking,Scheduler,primary-light
Transition Track,0.003,0.003,Transition,Scheduler,primary-light
Suspense Track,0.003,0.003,Suspense,Scheduler,primary-light
Idle Track,0.003,0.003,Idle,Scheduler,primary-light
Event: input,16180.199999988079,16180.300000011921,Blocking,Scheduler,warning
Update,16180.300000011921,16180.800000011921,Blocking,Scheduler,primary-light
Render,16180.800000011921,16183.59999999404,Blocking,Scheduler,primary-dark
Commit,16183.59999999404,16183.800000011921,Blocking,Scheduler,secondary-dark
,16183.800000011921,16184,Blocking,Scheduler,secondary-light
Remaining Effects,16184,16185.5,Blocking,Scheduler,secondary-dark
Blocking Track,0.003,0.003,Blocking,Scheduler,primary-light
Transition Track,0.003,0.003,Transition,Scheduler,primary-light
Suspense Track,0.003,0.003,Suspense,Scheduler,primary-light
Idle Track,0.003,0.003,Idle,Scheduler,primary-light
Event: load,16230.300000011921,16230.90000000596,Blocking,Scheduler,warning
Update,16230.90000000596,16232.09999999404,Blocking,Scheduler,primary-light
Render,16232.09999999404,16259,Blocking,Scheduler,primary-dark
Commit,16259,16259.800000011921,Blocking,Scheduler,secondary-dark
Waiting for Paint,16259.800000011921,16267.5,Blocking,Scheduler,secondary-light
Remaining Effects,16267.5,16341.300000011921,Blocking,Scheduler,secondary-dark
Blocking Track,0.003,0.003,Blocking,Scheduler,primary-light
Transition Track,0.003,0.003,Transition,Scheduler,primary-light
Suspense Track,0.003,0.003,Suspense,Scheduler,primary-light
Idle Track,0.003,0.003,Idle,Scheduler,primary-light
Event: input,16341.90000000596,16342.09999999404,Blocking,Scheduler,warning
Update,16342.09999999404,16342.5,Blocking,Scheduler,primary-light
Render,16342.5,16344.800000011921,Blocking,Scheduler,primary-dark
Commit,16344.800000011921,16345,Blocking,Scheduler,secondary-dark
,16345,16345.199999988079,Blocking,Scheduler,secondary-light
Remaining Effects,16345.199999988079,16346.59999999404,Blocking,Scheduler,secondary-dark
Blocking Track,0.003,0.003,Blocking,Scheduler,primary-light
Transition Track,0.003,0.003,Transition,Scheduler,primary-light
Suspense Track,0.003,0.003,Suspense,Scheduler,primary-light
Idle Track,0.003,0.003,Idle,Scheduler,primary-light
Update,16348.5,16348.699999988079,Blocking,Scheduler,primary-light
Render,16348.699999988079,16350.800000011921,Blocking,Scheduler,primary-dark
Commit,16350.800000011921,16351.199999988079,Blocking,Scheduler,secondary-dark
Waiting for Paint,16351.199999988079,16351.59999999404,Blocking,Scheduler,secondary-light
Remaining Effects,16351.59999999404,16355,Blocking,Scheduler,secondary-dark
Blocking Track,0.003,0.003,Blocking,Scheduler,primary-light
Transition Track,0.003,0.003,Transition,Scheduler,primary-light
Suspense Track,0.003,0.003,Suspense,Scheduler,primary-light
Idle Track,0.003,0.003,Idle,Scheduler,primary-light
Event: input,16357.59999999404,16357.800000011921,Blocking,Scheduler,warning
Update,16357.800000011921,16358.199999988079,Blocking,Scheduler,primary-light
Render,16358.199999988079,16360.699999988079,Blocking,Scheduler,primary-dark
Commit,16360.699999988079,16361,Blocking,Scheduler,secondary-dark
,16361,16361.09999999404,Blocking,Scheduler,secondary-light
Remaining Effects,16361.09999999404,16362.59999999404,Blocking,Scheduler,secondary-dark
Blocking Track,0.003,0.003,Blocking,Scheduler,primary-light
Transition Track,0.003,0.003,Transition,Scheduler,primary-light
Suspense Track,0.003,0.003,Suspense,Scheduler,primary-light
Idle Track,0.003,0.003,Idle,Scheduler,primary-light
Event: load,16390.19999998808,16390.5,Blocking,Scheduler,warning
Update,16390.5,16391.40000000596,Blocking,Scheduler,primary-light
Render,16391.40000000596,16409.69999998808,Blocking,Scheduler,primary-dark
Commit,16409.69999998808,16411,Blocking,Scheduler,secondary-dark
Waiting for Paint,16411,16414.59999999404,Blocking,Scheduler,secondary-light
Remaining Effects,16414.59999999404,16442.80000001192,Blocking,Scheduler,secondary-dark
Blocking Track,0.003,0.003,Blocking,Scheduler,primary-light
Transition Track,0.003,0.003,Transition,Scheduler,primary-light
Suspense Track,0.003,0.003,Suspense,Scheduler,primary-light
Idle Track,0.003,0.003,Idle,Scheduler,primary-light
Event: load,16442.80000001192,16442.80000001192,Blocking,Scheduler,warning
Update,16442.80000001192,16443.5,Blocking,Scheduler,primary-light
Render,16443.5,16463.30000001192,Blocking,Scheduler,primary-dark
Commit,16463.30000001192,16466.19999998808,Blocking,Scheduler,secondary-dark
Waiting for Paint,16466.19999998808,16480,Blocking,Scheduler,secondary-light
Remaining Effects,16480,16512.5,Blocking,Scheduler,secondary-dark
Blocking Track,0.003,0.003,Blocking,Scheduler,primary-light
Transition Track,0.003,0.003,Transition,Scheduler,primary-light
Suspense Track,0.003,0.003,Suspense,Scheduler,primary-light
Idle Track,0.003,0.003,Idle,Scheduler,primary-light
Update,16512.5,16513.80000001192,Blocking,Scheduler,primary-light
Render,16513.80000001192,16516.09999999404,Blocking,Scheduler,primary-dark
Commit,16516.09999999404,16516.30000001192,Blocking,Scheduler,secondary-dark
,16516.30000001192,16516.5,Blocking,Scheduler,secondary-light
Remaining Effects,16516.5,16517.90000000596,Blocking,Scheduler,secondary-dark
Blocking Track,0.003,0.003,Blocking,Scheduler,primary-light
Transition Track,0.003,0.003,Transition,Scheduler,primary-light
Suspense Track,0.003,0.003,Suspense,Scheduler,primary-light
Idle Track,0.003,0.003,Idle,Scheduler,primary-light
Event: load,16561.40000000596,16561.69999998808,Blocking,Scheduler,warning
Update,16561.69999998808,16562.59999999404,Blocking,Scheduler,primary-light
Render,16562.59999999404,16577.90000000596,Blocking,Scheduler,primary-dark
Commit,16577.90000000596,16579.30000001192,Blocking,Scheduler,secondary-dark
Waiting for Paint,16579.30000001192,16581.30000001192,Blocking,Scheduler,secondary-light
Remaining Effects,16581.30000001192,16608.5,Blocking,Scheduler,secondary-dark
Blocking Track,0.003,0.003,Blocking,Scheduler,primary-light
Transition Track,0.003,0.003,Transition,Scheduler,primary-light
Suspense Track,0.003,0.003,Suspense,Scheduler,primary-light
Idle Track,0.003,0.003,Idle,Scheduler,primary-light
Event: mousemove,17002.69999998808,17011.59999999404,Blocking,Scheduler,warning
Update,17011.59999999404,17012.69999998808,Blocking,Scheduler,primary-light
Render,17012.69999998808,17044.09999999404,Blocking,Scheduler,primary-dark
Commit,17044.09999999404,17046.09999999404,Blocking,Scheduler,secondary-dark
Waiting for Paint,17046.09999999404,17052.30000001192,Blocking,Scheduler,secondary-light
Remaining Effects,17052.30000001192,17088.90000000596,Blocking,Scheduler,secondary-dark
Blocking Track,0.003,0.003,Blocking,Scheduler,primary-light
Transition Track,0.003,0.003,Transition,Scheduler,primary-light
Suspense Track,0.003,0.003,Suspense,Scheduler,primary-light
Idle Track,0.003,0.003,Idle,Scheduler,primary-light
Event: click,17260.59999999404,17263.40000000596,Blocking,Scheduler,warning
Update,17263.40000000596,17263.80000001192,Blocking,Scheduler,primary-light
Render,17263.80000001192,17264.40000000596,Blocking,Scheduler,primary-dark
Commit,17264.40000000596,17267,Blocking,Scheduler,secondary-dark
,17267,17267.30000001192,Blocking,Scheduler,secondary-light
Remaining Effects,17267.30000001192,17277.80000001192,Blocking,Scheduler,secondary-dark
Blocking Track,0.003,0.003,Blocking,Scheduler,primary-light
Transition Track,0.003,0.003,Transition,Scheduler,primary-light
Suspense Track,0.003,0.003,Suspense,Scheduler,primary-light
Idle Track,0.003,0.003,Idle,Scheduler,primary-light
Update,20648.59999999404,20649,Blocking,Scheduler,primary-light
Render,20649,20650,Blocking,Scheduler,primary-dark
Commit,20650,20652,Blocking,Scheduler,secondary-dark
Waiting for Paint,20652,20652.40000000596,Blocking,Scheduler,secondary-light
Remaining Effects,20652.40000000596,20652.90000000596,Blocking,Scheduler,secondary-dark
Blocking Track,0.003,0.003,Blocking,Scheduler,primary-light
Transition Track,0.003,0.003,Transition,Scheduler,primary-light
Suspense Track,0.003,0.003,Suspense,Scheduler,primary-light
Idle Track,0.003,0.003,Idle,Scheduler,primary-light
Update,21540.59999999404,21541,Transition,Scheduler,primary-light
Render,21541,21608.09999999404,Transition,Scheduler,primary-dark
Commit,21608.09999999404,21622.40000000596,Transition,Scheduler,secondary-dark
,21622.40000000596,21624.5,Transition,Scheduler,secondary-light
Remaining Effects,21624.5,21791.19999998808,Transition,Scheduler,secondary-dark
Blocking Track,0.003,0.003,Blocking,Scheduler,primary-light
Transition Track,0.003,0.003,Transition,Scheduler,primary-light
Suspense Track,0.003,0.003,Suspense,Scheduler,primary-light
Idle Track,0.003,0.003,Idle,Scheduler,primary-light
Cascading Update,21621.40000000596,21791.59999999404,Blocking,Scheduler,error
Render,21791.59999999404,21792.69999998808,Blocking,Scheduler,primary-dark
Commit,21792.69999998808,21793,Blocking,Scheduler,secondary-dark
,21793,21793.09999999404,Blocking,Scheduler,secondary-light
Remaining Effects,21793.09999999404,21794.59999999404,Blocking,Scheduler,secondary-dark
Blocking Track,0.003,0.003,Blocking,Scheduler,primary-light
Transition Track,0.003,0.003,Transition,Scheduler,primary-light
Suspense Track,0.003,0.003,Suspense,Scheduler,primary-light
Idle Track,0.003,0.003,Idle,Scheduler,primary-light
Update Blocked,21810.59999999404,21821.40000000596,Blocking,Scheduler,primary-light
Render,21821.40000000596,21822.40000000596,Blocking,Scheduler,primary-dark
Commit,21822.40000000596,21822.59999999404,Blocking,Scheduler,secondary-dark
Waiting for Paint,21822.59999999404,21822.80000001192,Blocking,Scheduler,secondary-light
Remaining Effects,21822.80000001192,21824.90000000596,Blocking,Scheduler,secondary-dark
Blocking Track,0.003,0.003,Blocking,Scheduler,primary-light
Transition Track,0.003,0.003,Transition,Scheduler,primary-light
Suspense Track,0.003,0.003,Suspense,Scheduler,primary-light
Idle Track,0.003,0.003,Idle,Scheduler,primary-light
Render,21825.19999998808,21870.30000001192,Suspense,Scheduler,primary-dark
Throttled,21870.30000001192,21912.5,Suspense,Scheduler,secondary-light
Commit,21912.5,21934.59999999404,Suspense,Scheduler,secondary-dark
,21934.59999999404,21935,Suspense,Scheduler,secondary-light
Remaining Effects,21935,22003.30000001192,Suspense,Scheduler,secondary-dark
Blocking Track,0.003,0.003,Blocking,Scheduler,primary-light
Transition Track,0.003,0.003,Transition,Scheduler,primary-light
Suspense Track,0.003,0.003,Suspense,Scheduler,primary-light
Idle Track,0.003,0.003,Idle,Scheduler,primary-light
Cascading Update,21933,22003.59999999404,Blocking,Scheduler,error
Render,22003.59999999404,22039,Blocking,Scheduler,primary-dark
Commit,22039,22042.40000000596,Blocking,Scheduler,secondary-dark
,22042.40000000596,22042.69999998808,Blocking,Scheduler,secondary-light
Remaining Effects,22042.69999998808,22067,Blocking,Scheduler,secondary-dark
Blocking Track,0.003,0.003,Blocking,Scheduler,primary-light
Transition Track,0.003,0.003,Transition,Scheduler,primary-light
Suspense Track,0.003,0.003,Suspense,Scheduler,primary-light
Idle Track,0.003,0.003,Idle,Scheduler,primary-light
Update,22082.80000001192,22083.09999999404,Blocking,Scheduler,primary-light
Render,22083.09999999404,22083.80000001192,Blocking,Scheduler,primary-dark
Commit,22083.80000001192,22083.80000001192,Blocking,Scheduler,secondary-dark
,22083.80000001192,22083.90000000596,Blocking,Scheduler,secondary-light
Remaining Effects,22083.90000000596,22084.80000001192,Blocking,Scheduler,secondary-dark
Blocking Track,0.003,0.003,Blocking,Scheduler,primary-light
Transition Track,0.003,0.003,Transition,Scheduler,primary-light
Suspense Track,0.003,0.003,Suspense,Scheduler,primary-light
Idle Track,0.003,0.003,Idle,Scheduler,primary-light
Update,22084.90000000596,22085.09999999404,Blocking,Scheduler,primary-light
Render,22085.09999999404,22085.40000000596,Blocking,Scheduler,primary-dark
Commit,22085.40000000596,22085.40000000596,Blocking,Scheduler,secondary-dark
,22085.40000000596,22085.5,Blocking,Scheduler,secondary-light
Remaining Effects,22085.5,22086.5,Blocking,Scheduler,secondary-dark
Blocking Track,0.003,0.003,Blocking,Scheduler,primary-light
Transition Track,0.003,0.003,Transition,Scheduler,primary-light
Suspense Track,0.003,0.003,Suspense,Scheduler,primary-light
Idle Track,0.003,0.003,Idle,Scheduler,primary-light
Update,22086.59999999404,22086.90000000596,Blocking,Scheduler,primary-light
Render,22086.90000000596,22087.30000001192,Blocking,Scheduler,primary-dark
Commit,22087.30000001192,22087.5,Blocking,Scheduler,secondary-dark
,22087.5,22087.5,Blocking,Scheduler,secondary-light
Remaining Effects,22087.5,22088.5,Blocking,Scheduler,secondary-dark
Blocking Track,0.003,0.003,Blocking,Scheduler,primary-light
Transition Track,0.003,0.003,Transition,Scheduler,primary-light
Suspense Track,0.003,0.003,Suspense,Scheduler,primary-light
Idle Track,0.003,0.003,Idle,Scheduler,primary-light
Update,22088.59999999404,22088.80000001192,Blocking,Scheduler,primary-light
Render,22088.80000001192,22089.19999998808,Blocking,Scheduler,primary-dark
Commit,22089.19999998808,22089.40000000596,Blocking,Scheduler,secondary-dark
,22089.40000000596,22089.40000000596,Blocking,Scheduler,secondary-light
Remaining Effects,22089.40000000596,22090.40000000596,Blocking,Scheduler,secondary-dark
Blocking Track,0.003,0.003,Blocking,Scheduler,primary-light
Transition Track,0.003,0.003,Transition,Scheduler,primary-light
Suspense Track,0.003,0.003,Suspense,Scheduler,primary-light
Idle Track,0.003,0.003,Idle,Scheduler,primary-light
Update,22090.5,22090.69999998808,Blocking,Scheduler,primary-light
Render,22090.69999998808,22091,Blocking,Scheduler,primary-dark
Commit,22091,22091,Blocking,Scheduler,secondary-dark
,22091,22091.09999999404,Blocking,Scheduler,secondary-light
Remaining Effects,22091.09999999404,22092,Blocking,Scheduler,secondary-dark
Blocking Track,0.003,0.003,Blocking,Scheduler,primary-light
Transition Track,0.003,0.003,Transition,Scheduler,primary-light
Suspense Track,0.003,0.003,Suspense,Scheduler,primary-light
Idle Track,0.003,0.003,Idle,Scheduler,primary-light
Update,22093.90000000596,22097.09999999404,Blocking,Scheduler,primary-light
Render,22097.09999999404,22117.90000000596,Blocking,Scheduler,primary-dark
Commit,22117.90000000596,22118.69999998808,Blocking,Scheduler,secondary-dark
Waiting for Paint,22118.69999998808,22119.30000001192,Blocking,Scheduler,secondary-light
Remaining Effects,22119.30000001192,22120.5,Blocking,Scheduler,secondary-dark
Blocking Track,0.003,0.003,Blocking,Scheduler,primary-light
Transition Track,0.003,0.003,Transition,Scheduler,primary-light
Suspense Track,0.003,0.003,Suspense,Scheduler,primary-light
Idle Track,0.003,0.003,Idle,Scheduler,primary-light
Cascading Update,22120.5,22120.90000000596,Blocking,Scheduler,error
Render,22120.90000000596,22123.09999999404,Blocking,Scheduler,primary-dark
Commit,22123.09999999404,22123.30000001192,Blocking,Scheduler,secondary-dark
Waiting for Paint,22123.30000001192,22123.5,Blocking,Scheduler,secondary-light
Remaining Effects,22123.5,22129.59999999404,Blocking,Scheduler,secondary-dark
Blocking Track,0.003,0.003,Blocking,Scheduler,primary-light
Transition Track,0.003,0.003,Transition,Scheduler,primary-light
Suspense Track,0.003,0.003,Suspense,Scheduler,primary-light
Idle Track,0.003,0.003,Idle,Scheduler,primary-light
Update,22161.30000001192,22162.09999999404,Blocking,Scheduler,primary-light
Render,22162.09999999404,22182.90000000596,Blocking,Scheduler,primary-dark
Commit,22182.90000000596,22183.80000001192,Blocking,Scheduler,secondary-dark
Waiting for Paint,22183.80000001192,22186.59999999404,Blocking,Scheduler,secondary-light
Remaining Effects,22186.59999999404,22194,Blocking,Scheduler,secondary-dark
Blocking Track,0.003,0.003,Blocking,Scheduler,primary-light
Transition Track,0.003,0.003,Transition,Scheduler,primary-light
Suspense Track,0.003,0.003,Suspense,Scheduler,primary-light
Idle Track,0.003,0.003,Idle,Scheduler,primary-light
Update,22194,22194.5,Blocking,Scheduler,primary-light
Render,22194.5,22197.69999998808,Blocking,Scheduler,primary-dark
Commit,22197.69999998808,22198,Blocking,Scheduler,secondary-dark
Waiting for Paint,22198,22198.19999998808,Blocking,Scheduler,secondary-light
Remaining Effects,22198.19999998808,22201.59999999404,Blocking,Scheduler,secondary-dark
Blocking Track,0.003,0.003,Blocking,Scheduler,primary-light
Transition Track,0.003,0.003,Transition,Scheduler,primary-light
Suspense Track,0.003,0.003,Suspense,Scheduler,primary-light
Idle Track,0.003,0.003,Idle,Scheduler,primary-light
Update,22647.80000001192,22648.19999998808,Blocking,Scheduler,primary-light
Render,22648.19999998808,22649.30000001192,Blocking,Scheduler,primary-dark
Commit,22649.30000001192,22649.5,Blocking,Scheduler,secondary-dark
Waiting for Paint,22649.5,22649.80000001192,Blocking,Scheduler,secondary-light
Remaining Effects,22649.80000001192,22650.90000000596,Blocking,Scheduler,secondary-dark
Blocking Track,0.003,0.003,Blocking,Scheduler,primary-light
Transition Track,0.003,0.003,Transition,Scheduler,primary-light
Suspense Track,0.003,0.003,Suspense,Scheduler,primary-light
Idle Track,0.003,0.003,Idle,Scheduler,primary-light
Update,22652.19999998808,22652.40000000596,Blocking,Scheduler,primary-light
Render,22652.40000000596,22653,Blocking,Scheduler,primary-dark
Commit,22653,22653.09999999404,Blocking,Scheduler,secondary-dark
Waiting for Paint,22653.09999999404,22653.30000001192,Blocking,Scheduler,secondary-light
Remaining Effects,22653.30000001192,22654.30000001192,Blocking,Scheduler,secondary-dark
Blocking Track,0.003,0.003,Blocking,Scheduler,primary-light
Transition Track,0.003,0.003,Transition,Scheduler,primary-light
Suspense Track,0.003,0.003,Suspense,Scheduler,primary-light
Idle Track,0.003,0.003,Idle,Scheduler,primary-light
Update,22657.5,22657.80000001192,Blocking,Scheduler,primary-light
Render,22657.80000001192,22658.19999998808,Blocking,Scheduler,primary-dark
Commit,22658.19999998808,22658.40000000596,Blocking,Scheduler,secondary-dark
Waiting for Paint,22658.40000000596,22658.59999999404,Blocking,Scheduler,secondary-light
Remaining Effects,22658.59999999404,22659.5,Blocking,Scheduler,secondary-dark
Blocking Track,0.003,0.003,Blocking,Scheduler,primary-light
Transition Track,0.003,0.003,Transition,Scheduler,primary-light
Suspense Track,0.003,0.003,Suspense,Scheduler,primary-light
Idle Track,0.003,0.003,Idle,Scheduler,primary-light
Update,22662.69999998808,22662.90000000596,Blocking,Scheduler,primary-light
Render,22662.90000000596,22663.30000001192,Blocking,Scheduler,primary-dark
Commit,22663.30000001192,22663.5,Blocking,Scheduler,secondary-dark
Waiting for Paint,22663.5,22663.59999999404,Blocking,Scheduler,secondary-light
Remaining Effects,22663.59999999404,22664.59999999404,Blocking,Scheduler,secondary-dark
Blocking Track,0.003,0.003,Blocking,Scheduler,primary-light
Transition Track,0.003,0.003,Transition,Scheduler,primary-light
Suspense Track,0.003,0.003,Suspense,Scheduler,primary-light
Idle Track,0.003,0.003,Idle,Scheduler,primary-light
Update,22666.40000000596,22666.59999999404,Blocking,Scheduler,primary-light
Render,22666.59999999404,22667.09999999404,Blocking,Scheduler,primary-dark
Commit,22667.09999999404,22667.30000001192,Blocking,Scheduler,secondary-dark
Waiting for Paint,22667.30000001192,22667.40000000596,Blocking,Scheduler,secondary-light
Remaining Effects,22667.40000000596,22668.30000001192,Blocking,Scheduler,secondary-dark
Blocking Track,0.003,0.003,Blocking,Scheduler,primary-light
Transition Track,0.003,0.003,Transition,Scheduler,primary-light
Suspense Track,0.003,0.003,Suspense,Scheduler,primary-light
Idle Track,0.003,0.003,Idle,Scheduler,primary-light
Event: message,22860.19999998808,22860.5,Blocking,Scheduler,warning
Update,22860.5,22861.09999999404,Blocking,Scheduler,primary-light
Render,22861.09999999404,22867,Blocking,Scheduler,primary-dark
Commit,22867,22867.5,Blocking,Scheduler,secondary-dark
Waiting for Paint,22867.5,22867.69999998808,Blocking,Scheduler,secondary-light
Remaining Effects,22867.69999998808,22872.59999999404,Blocking,Scheduler,secondary-dark
Blocking Track,0.003,0.003,Blocking,Scheduler,primary-light
Transition Track,0.003,0.003,Transition,Scheduler,primary-light
Suspense Track,0.003,0.003,Suspense,Scheduler,primary-light
Idle Track,0.003,0.003,Idle,Scheduler,primary-light
Update,23081,23082.5,Blocking,Scheduler,primary-light
Render,23082.5,23083.19999998808,Blocking,Scheduler,primary-dark
Commit,23083.19999998808,23083.30000001192,Blocking,Scheduler,secondary-dark
Waiting for Paint,23083.30000001192,23085,Blocking,Scheduler,secondary-light
Remaining Effects,23085,23086,Blocking,Scheduler,secondary-dark
Blocking Track,0.003,0.003,Blocking,Scheduler,primary-light
Transition Track,0.003,0.003,Transition,Scheduler,primary-light
Suspense Track,0.003,0.003,Suspense,Scheduler,primary-light
Idle Track,0.003,0.003,Idle,Scheduler,primary-light
Update,23361.90000000596,23362.19999998808,Blocking,Scheduler,primary-light
Render,23362.19999998808,23363.59999999404,Blocking,Scheduler,primary-dark
Commit,23363.59999999404,23363.69999998808,Blocking,Scheduler,secondary-dark
Waiting for Paint,23363.69999998808,23365.09999999404,Blocking,Scheduler,secondary-light
Remaining Effects,23365.09999999404,23367.80000001192,Blocking,Scheduler,secondary-dark
Blocking Track,0.003,0.003,Blocking,Scheduler,primary-light
Transition Track,0.003,0.003,Transition,Scheduler,primary-light
Suspense Track,0.003,0.003,Suspense,Scheduler,primary-light
Idle Track,0.003,0.003,Idle,Scheduler,primary-light
Update,23969.80000001192,23970.09999999404,Blocking,Scheduler,primary-light
Render,23970.09999999404,23970.90000000596,Blocking,Scheduler,primary-dark
Commit,23970.90000000596,23971.09999999404,Blocking,Scheduler,secondary-dark
Waiting for Paint,23971.09999999404,23971.19999998808,Blocking,Scheduler,secondary-light
Remaining Effects,23971.19999998808,23972.69999998808,Blocking,Scheduler,secondary-dark
Blocking Track,0.003,0.003,Blocking,Scheduler,primary-light
Transition Track,0.003,0.003,Transition,Scheduler,primary-light
Suspense Track,0.003,0.003,Suspense,Scheduler,primary-light
Idle Track,0.003,0.003,Idle,Scheduler,primary-light
Event: message,24243.59999999404,24251.19999998808,Blocking,Scheduler,warning
Update,24251.19999998808,24252.09999999404,Blocking,Scheduler,primary-light
Render,24252.09999999404,24256.40000000596,Blocking,Scheduler,primary-dark
Commit,24256.40000000596,24256.80000001192,Blocking,Scheduler,secondary-dark
Waiting for Paint,24256.80000001192,24257,Blocking,Scheduler,secondary-light
Remaining Effects,24257,24261.80000001192,Blocking,Scheduler,secondary-dark
Blocking Track,0.003,0.003,Blocking,Scheduler,primary-light
Transition Track,0.003,0.003,Transition,Scheduler,primary-light
Suspense Track,0.003,0.003,Suspense,Scheduler,primary-light
Idle Track,0.003,0.003,Idle,Scheduler,primary-light
Event: message,24261.80000001192,24261.80000001192,Blocking,Scheduler,warning
Update,24261.80000001192,24263.19999998808,Blocking,Scheduler,primary-light
Render,24263.19999998808,24263.69999998808,Blocking,Scheduler,primary-dark
Commit,24263.69999998808,24263.80000001192,Blocking,Scheduler,secondary-dark
Waiting for Paint,24263.80000001192,24264,Blocking,Scheduler,secondary-light
Remaining Effects,24264,24264.80000001192,Blocking,Scheduler,secondary-dark
Blocking Track,0.003,0.003,Blocking,Scheduler,primary-light
Transition Track,0.003,0.003,Transition,Scheduler,primary-light
Suspense Track,0.003,0.003,Suspense,Scheduler,primary-light
Idle Track,0.003,0.003,Idle,Scheduler,primary-light
Update,24465.59999999404,24466,Blocking,Scheduler,primary-light
Render,24466,24466.40000000596,Blocking,Scheduler,primary-dark
Commit,24466.40000000596,24466.69999998808,Blocking,Scheduler,secondary-dark
Waiting for Paint,24466.69999998808,24466.90000000596,Blocking,Scheduler,secondary-light
Remaining Effects,24466.90000000596,24467.80000001192,Blocking,Scheduler,secondary-dark